{
  "project_name": "AdvancedScientificCalculator",
  "description": "Most advanced scientific calculator app in C for Android Play Store and GitHub",
  "target_platforms": [
    "Android",
    "GitHub"
  ],
  "core_features": [
    "Basic Arithmetic Operations",
    "Advanced Scientific Functions",
    "Mathematical Expression Parser",
    "Complex Numbers Support",
    "Matrix Operations",
    "Statistical Functions",
    "Unit Conversions",
    "Graphing Capabilities",
    "Custom Function Support",
    "History and Memory",
    "Dark/Light Themes",
    "Responsive UI"
  ],
  "architecture": {
    "core_engine": "C library with mathematical functions",
    "ui_layer": "Android Java/Kotlin with NDK integration",
    "parser": "Custom expression parser in C",
    "memory": "Advanced memory management",
    "themes": "Multiple UI themes"
  },
  "advanced_functions": [
    "Trigonometric (sin, cos, tan, sec, csc, cot)",
    "Inverse Trigonometric (asin, acos, atan, etc.)",
    "Hyperbolic (sinh, cosh, tanh, sech, csch, coth)",
    "Inverse Hyperbolic (asinh, acosh, atanh, etc.)",
    "Logarithmic (log, ln, log2, log10)",
    "Exponential (exp, e^x, 10^x, 2^x)",
    "Power and Root Functions (sqrt, cbrt, nth root, power)",
    "Factorial and Gamma Functions",
    "Combinatorics (permutations, combinations)",
    "Number Theory (GCD, LCM, prime factors)",
    "Statistical Functions (mean, median, mode, std dev)",
    "Probability Distributions",
    "Complex Number Operations",
    "Matrix Operations (determinant, inverse, multiplication)",
    "Calculus (derivatives, integrals)",
    "Special Functions (Bessel, Error, Gamma)",
    "Unit Conversions (length, area, volume, mass, temperature)",
    "Constants (\u03c0, e, \u03c6, physical constants)"
  ],
  "file_structure": {
    "C_Core": [
      "calculator_engine.h",
      "calculator_engine.c",
      "expression_parser.h",
      "expression_parser.c",
      "math_functions.h",
      "math_functions.c",
      "complex_numbers.h",
      "complex_numbers.c",
      "matrix_operations.h",
      "matrix_operations.c",
      "statistics.h",
      "statistics.c",
      "unit_converter.h",
      "unit_converter.c",
      "constants.h"
    ],
    "Android": [
      "MainActivity.java",
      "CalculatorNative.java",
      "activity_main.xml",
      "CMakeLists.txt",
      "Application.mk",
      "Android.mk"
    ],
    "Documentation": [
      "README.md",
      "INSTALL.md",
      "API_REFERENCE.md",
      "CONTRIBUTING.md",
      "LICENSE",
      "CHANGELOG.md"
    ],
    "Tests": [
      "test_calculator.c",
      "test_parser.c",
      "test_functions.c",
      "AndroidTest.java"
    ]
  }
}